0,0,0,0,0,0,0,0,0,0,0,0,0,0,0
0.01,0,0.984607127,0.984607127,0.984607127,0.984607127,0.984607127,0,0,0,0,12.252674,190.2357738,190.2357738,1491151
0.02,0,0.98870896,0.98870896,0.98870896,0.98870896,0.98870896,0,0,0,0,12.252674,190.2357738,190.2357738,2982302
0.03,0,0.986161647,0.986161647,0.986161647,0.986161647,0.986161647,0,0,0,0,12.252674,190.2357738,190.2357738,4473452
0.04,0,0.983180121,0.983180121,0.983180121,0.983180121,0.983180121,0,0,0,0,12.252674,190.2357738,190.2357738,5964604
0.05,0,0.980455692,0.980455692,0.980455692,0.980455692,0.980455692,0,0,0,0,12.252674,190.2357738,190.2357738,7455754
0.06,0,0.978057076,0.978057076,0.978057076,0.978057076,0.978057076,0,0,0,0,12.252674,190.2357738,190.2357738,8946905
0.07,0,0.975950194,0.975950194,0.975950194,0.975950194,0.975950194,0,0,0,0,12.252674,190.2357738,190.2357738,10438060
0.08,0,0.974088245,0.974088245,0.974088245,0.974088245,0.974088245,0,0,0,0,12.252674,190.2357738,190.2357738,11929210
0.09,0,0.972429506,0.972429506,0.972429506,0.972429506,0.972429506,0,0,0,0,12.252674,190.2357738,190.2357738,13420360
0.1,0,0.970939917,0.970939917,0.970939917,0.970939917,0.970939917,0,0,0,0,12.252674,190.2357738,190.2357738,14911510
0.11,0,0.969592269,0.969592269,0.969592269,0.969592269,0.969592269,0,0,0,0,12.252674,190.2357738,190.2357738,16402660
0.12,0,0.968364849,0.968364849,0.968364849,0.968364849,0.968364849,0,0,0,0,12.252674,190.2357738,190.2357738,17893810
0.13,0,0.967240224,0.967240224,0.967240224,0.967240224,0.967240224,0,0,0,0,12.252674,190.2357738,190.2357738,19384960
0.14,0,0.96620427,0.96620427,0.96620427,0.96620427,0.96620427,0,0,0,0,12.252674,190.2357738,190.2357738,20876110
0.15,0,0.965245432,0.965245432,0.965245432,0.965245432,0.965245432,0,0,0,0,12.252674,190.2357738,190.2357738,22367260
0.16,0,0.964354167,0.964354167,0.964354167,0.964354167,0.964354167,0,0,0,0,12.252674,190.2357738,190.2357738,23858410
0.17,0,0.963522516,0.963522516,0.963522516,0.963522516,0.963522516,0,0,0,0,12.252674,190.2357738,190.2357738,25349570
0.18,0,0.9627438,0.9627438,0.9627438,0.9627438,0.9627438,0,0,0,0,12.252674,190.2357738,190.2357738,26840720
0.19,0,0.962012343,0.962012343,0.962012343,0.962012343,0.962012343,0,0,0,0,12.252674,190.2357738,190.2357738,28331870
0.2,0,0.961323303,0.961323303,0.961323303,0.961323303,0.961323303,0,0,0,0,12.252674,190.2357738,190.2357738,29823020
0.21,0,0.960672518,0.960672518,0.960672518,0.960672518,0.960672518,0,0,0,0,12.252674,190.2357738,190.2357738,31314170
0.22,0,0.960056385,0.960056385,0.960056385,0.960056385,0.960056385,0,0,0,0,12.252674,190.2357738,190.2357738,32805320
0.23,0,0.959471767,0.959471767,0.959471767,0.959471767,0.959471767,0,0,0,0,12.252674,190.2357738,190.2357738,34296470
0.24,0,0.958915919,0.958915919,0.958915919,0.958915919,0.958915919,0,0,0,0,12.252674,190.2357738,190.2357738,35787620
0.25,0,0.958386426,0.958386426,0.958386426,0.958386426,0.958386426,0,0,0,0,12.252674,190.2357738,190.2357738,37278770
0.26,0,0.959060097,0.959060097,0.959060097,0.959060097,0.959060097,0,0,0,0,12.252674,190.2357738,190.2357738,38769920
0.27,0,0.959756257,0.959756257,0.959756257,0.959756257,0.959756257,0,0,0,0,12.252674,190.2357738,190.2357738,40261080
0.28,0,0.960472895,0.960472895,0.960472895,0.960472895,0.960472895,0,0,0,0,12.252674,190.2357738,190.2357738,41752220
0.29,0,0.961208821,0.961208821,0.961208821,0.961208821,0.961208821,0,0,0,0,12.252674,190.2357738,190.2357738,43243370
0.3,0,0.961962346,0.961962346,0.961962346,0.961962346,0.961962346,0,0,0,0,12.252674,190.2357738,190.2357738,44734530
0.31,0,0.962732418,0.962732418,0.962732418,0.962732418,0.962732418,0,0,0,0,12.252674,190.2357738,190.2357738,46225680
0.32,0,0.963518096,0.963518096,0.963518096,0.963518096,0.963518096,0,0,0,0,12.252674,190.2357738,190.2357738,47716830
0.33,0,0.964318044,0.964318044,0.964318044,0.964318044,0.964318044,0,0,0,0,12.252674,190.2357738,190.2357738,49207980
0.34,0,0.965131516,0.965131516,0.965131516,0.965131516,0.965131516,0,0,0,0,12.252674,190.2357738,190.2357738,50699130
0.35,0,0.965957848,0.965957848,0.965957848,0.965957848,0.965957848,0,0,0,0,12.252674,190.2357738,190.2357738,52190280
0.36,0,0.966795947,0.966795947,0.966795947,0.966795947,0.966795947,0,0,0,0,12.252674,190.2357738,190.2357738,53681430
0.37,0,0.967645285,0.967645285,0.967645285,0.967645285,0.967645285,0,0,0,0,12.252674,190.2357738,190.2357738,55172580
0.38,0,0.968505387,0.968505387,0.968505387,0.968505387,0.968505387,0,0,0,0,12.252674,190.2357738,190.2357738,56663730
0.39,0,0.969375333,0.969375333,0.969375333,0.969375333,0.969375333,0,0,0,0,12.252674,190.2357738,190.2357738,58154880
0.4,0,0.970254912,0.970254912,0.970254912,0.970254912,0.970254912,0,0,0,0,12.252674,190.2357738,190.2357738,59646040
0.41,0,0.971143295,0.971143295,0.971143295,0.971143295,0.971143295,0,0,0,0,12.252674,190.2357738,190.2357738,61137180
0.42,0,0.972040178,0.972040178,0.972040178,0.972040178,0.972040178,0,0,0,0,12.252674,190.2357738,190.2357738,62628340
0.43,0,0.972945137,0.972945137,0.972945137,0.972945137,0.972945137,0,0,0,0,12.252674,190.2357738,190.2357738,64119490
0.44,0,0.973857934,0.973857934,0.973857934,0.973857934,0.973857934,0,0,0,0,12.252674,190.2357738,190.2357738,65610640
0.45,0,0.974777868,0.974777868,0.974777868,0.974777868,0.974777868,0,0,0,0,12.252674,190.2357738,190.2357738,67101790
0.46,0,0.975704923,0.975704923,0.975704923,0.975704923,0.975704923,0,0,0,0,12.252674,190.2357738,190.2357738,68592940
0.47,0,0.976638445,0.976638445,0.976638445,0.976638445,0.976638445,0,0,0,0,12.252674,190.2357738,190.2357738,70084090
0.48,0,0.977578298,0.977578298,0.977578298,0.977578298,0.977578298,0,0,0,0,12.252674,190.2357738,190.2357738,71575240
0.49,0,0.978524363,0.978524363,0.978524363,0.978524363,0.978524363,0,0,0,0,12.252674,190.2357738,190.2357738,73066390
0.5,0,0.979476046,0.979476046,0.979476046,0.979476046,0.979476046,0,0,0,0,12.252674,190.2357738,190.2357738,74557540
0.51,0,0.980433428,0.980433428,0.980433428,0.980433428,0.980433428,0,0,0,0,12.252674,190.2357738,190.2357738,76048700
0.52,0,0.981395947,0.981395947,0.981395947,0.981395947,0.981395947,0,0,0,0,12.252674,190.2357738,190.2357738,77539840
0.53,0,0.982363546,0.982363546,0.982363546,0.982363546,0.982363546,0,0,0,0,12.252674,190.2357738,190.2357738,79030990
0.54,0,0.983336019,0.983336019,0.983336019,0.983336019,0.983336019,0,0,0,0,12.252674,190.2357738,190.2357738,80522150
0.55,0,0.984313338,0.984313338,0.984313338,0.984313338,0.984313338,0,0,0,0,12.252674,190.2357738,190.2357738,82013300
0.56,0,0.985294988,0.985294988,0.985294988,0.985294988,0.985294988,0,0,0,0,12.252674,190.2357738,190.2357738,83504450
0.57,0,0.98628096,0.98628096,0.98628096,0.98628096,0.98628096,0,0,0,0,12.252674,190.2357738,190.2357738,84995600
0.58,0,0.987271257,0.987271257,0.987271257,0.987271257,0.987271257,0,0,0,0,12.252674,190.2357738,190.2357738,86486740
0.59,0,0.988265389,0.988265389,0.988265389,0.988265389,0.988265389,0,0,0,0,12.252674,190.2357738,190.2357738,87977900
0.6,0,0.989263542,0.989263542,0.989263542,0.989263542,0.989263542,0,0,0,0,12.252674,190.2357738,190.2357738,89469060
0.61,0,0.992398675,0.992398675,0.992398675,0.992398675,0.992398675,0,0,0,0,12.252674,190.2357738,190.2357738,90960210
0.62,0,0.995460861,0.995460861,0.995460861,0.995460861,0.995460861,0,0,0,0,12.252674,190.2357738,190.2357738,92451350
0.63,0,0.998526504,0.998526504,0.998526504,0.998526504,0.998526504,0,0,0,0,12.252674,190.2357738,190.2357738,93942500
0.64,0,1.00159565,1.00159565,1.00159565,1.00159565,1.00159565,0,0,0,0,12.252674,190.2357738,190.2357738,95433660
0.65,0,1.004667858,1.004667858,1.004667858,1.004667858,1.004667858,0,0,0,0,12.252674,190.2357738,190.2357738,96924800
0.66,0,1.007743181,1.007743181,1.007743181,1.007743181,1.007743181,0,0,0,0,12.252674,190.2357738,190.2357738,98415960
0.67,0,1.010821519,1.010821519,1.010821519,1.010821519,1.010821519,0,0,0,0,12.252674,190.2357738,190.2357738,99907110
0.68,0,1.013902935,1.013902935,1.013902935,1.013902935,1.013902935,0,0,0,0,12.252674,190.2357738,190.2357738,101398300
0.69,0,1.016987016,1.016987016,1.016987016,1.016987016,1.016987016,0,0,0,0,12.252674,190.2357738,190.2357738,102889400
0.7,0,1.020073819,1.020073819,1.020073819,1.020073819,1.020073819,0,0,0,0,12.252674,190.2357738,190.2357738,104380600
0.71,0,1.02316328,1.02316328,1.02316328,1.02316328,1.02316328,0,0,0,0,12.252674,190.2357738,190.2357738,105871700
0.72,0,1.026255463,1.026255463,1.026255463,1.026255463,1.026255463,0,0,0,0,12.252674,190.2357738,190.2357738,107362900
0.73,0,1.029349811,1.029349811,1.029349811,1.029349811,1.029349811,0,0,0,0,12.252674,190.2357738,190.2357738,108854000
0.74,0,1.032446895,1.032446895,1.032446895,1.032446895,1.032446895,0,0,0,0,12.252674,190.2357738,190.2357738,110345200
0.75,0,1.035546164,1.035546164,1.035546164,1.035546164,1.035546164,0,0,0,0,12.252674,190.2357738,190.2357738,111836300
0.76,0,1.038647696,1.038647696,1.038647696,1.038647696,1.038647696,0,0,0,0,12.252674,190.2357738,190.2357738,113327500
0.77,0,1.041751446,1.041751446,1.041751446,1.041751446,1.041751446,0,0,0,0,12.252674,190.2357738,190.2357738,114818600
0.78,0,1.044857496,1.044857496,1.044857496,1.044857496,1.044857496,0,0,0,0,12.252674,190.2357738,190.2357738,116309800
0.79,0,1.047965474,1.047965474,1.047965474,1.047965474,1.047965474,0,0,0,0,12.252674,190.2357738,190.2357738,117800900
0.8,0,1.051075469,1.051075469,1.051075469,1.051075469,1.051075469,0,0,0,0,12.252674,190.2357738,190.2357738,119292100
0.81,0,1.054187443,1.054187443,1.054187443,1.054187443,1.054187443,0,0,0,0,12.252674,190.2357738,190.2357738,120783200
0.82,0,1.057301325,1.057301325,1.057301325,1.057301325,1.057301325,0,0,0,0,12.252674,190.2357738,190.2357738,122274400
0.83,0,1.060417247,1.060417247,1.060417247,1.060417247,1.060417247,0,0,0,0,12.252674,190.2357738,190.2357738,123765500
0.84,0,1.06353481,1.06353481,1.06353481,1.06353481,1.06353481,0,0,0,0,12.252674,190.2357738,190.2357738,125256700
0.85,0,1.06665415,1.06665415,1.06665415,1.06665415,1.06665415,0,0,0,0,12.252674,190.2357738,190.2357738,126747800
0.86,0,1.069775205,1.069775205,1.069775205,1.069775205,1.069775205,0,0,0,0,12.252674,190.2357738,190.2357738,128239000
0.87,0,1.072897945,1.072897945,1.072897945,1.072897945,1.072897945,0,0,0,0,12.252674,190.2357738,190.2357738,129730100
0.88,0,1.076022479,1.076022479,1.076022479,1.076022479,1.076022479,0,0,0,0,12.252674,190.2357738,190.2357738,131221300
0.89,0,1.079148449,1.079148449,1.079148449,1.079148449,1.079148449,0,0,0,0,12.252674,190.2357738,190.2357738,132712400
0.9,0,1.082275967,1.082275967,1.082275967,1.082275967,1.082275967,0,0,0,0,12.252674,190.2357738,190.2357738,134203600
0.91,0,1.089635444,1.089635444,1.089635444,1.089635444,1.089635444,0,0,0,0,12.5061839,190.5350896,190.2636192,135694700
0.92,0,1.111713873,1.111713873,1.111713873,1.111713873,1.111713873,0,0,0,0,12.75969381,190.8344055,190.2914647,137185900
0.93,0,1.149385476,1.149385476,1.149385476,1.149385476,1.149385476,0,0,0,0,13.01320371,191.1337214,190.3193101,138677000
0.94,0,1.191611036,1.191611036,1.191611036,1.191611036,1.191611036,0,0,0,0,13.26671362,191.4330372,190.3471556,140168200
0.95,0,1.233836596,1.233836596,1.233836596,1.233836596,1.233836596,0,0,0,0,13.52022352,191.7323531,190.375001,141659300
0.96,0,1.276062156,1.276062156,1.276062156,1.276062156,1.276062156,0,0,0,0,13.77373342,192.031669,190.4028465,143150500
0.97,0,1.318287716,1.318287716,1.318287716,1.318287716,1.318287716,0,0,0,0,14.02724333,192.3309848,190.4306919,144641600
0.98,0,1.360513276,1.360513276,1.360513276,1.360513276,1.360513276,0,0,0,0,14.28075323,192.6303007,190.4585374,146132800
0.99,0,1.402738836,1.402738836,1.402738836,1.402738836,1.402738836,0,0,0,0,14.53426314,192.9296166,190.4863828,147623900
1,0,1.444964396,1.444964396,1.444964396,1.444964396,1.444964396,0,0,0,0,14.78777304,193.2289324,190.5142283,149115100
1.01,0,1.487189956,1.487189956,1.487189956,1.487189956,1.487189956,0,0,0,0,15.04128295,193.5282483,190.5420738,150606200
1.02,0,1.529415516,1.529415516,1.529415516,1.529415516,1.529415516,0,0,0,0,15.29479285,193.8275641,190.5699192,152097400
1.03,0,1.571641076,1.571641076,1.571641076,1.571641076,1.571641076,0,0,0,0,15.54830276,194.12688,190.5977647,153588500
1.04,0,1.613866636,1.613866636,1.613866636,1.613866636,1.613866636,0,0,0,0,15.80181266,194.4261959,190.6256101,155079700
1.05,0,1.656092196,1.656092196,1.656092196,1.656092196,1.656092196,0,0,0,0,16.05532256,194.7255117,190.6534556,156570800
1.06,0,1.653601656,1.653601656,1.653601656,1.653601656,1.653601656,0,0,0,0,16.12574462,194.6444809,190.59537,158062000
1.07,0,1.651128018,1.651128018,1.651128018,1.651128018,1.651128018,0,0,0,0,16.19038304,194.57719,190.5485146,159553200
1.08,0,1.648670965,1.648670965,1.648670965,1.648670965,1.648670965,0,0,0,0,16.2504626,194.5207923,190.5105769,161044300
1.09,0,1.64622995,1.64622995,1.64622995,1.64622995,1.64622995,0,0,0,0,16.30682912,194.473313,190.4799506,162535500
1.1,0,1.643804666,1.643804666,1.643804666,1.643804666,1.643804666,0,0,0,0,16.36010284,194.4333789,190.4555279,164026600
1.11,0,1.641394678,1.641394678,1.641394678,1.641394678,1.641394678,0,0,0,0,16.41074261,194.3997424,190.4362718,165517700
1.12,0,1.638999653,1.638999653,1.638999653,1.638999653,1.638999653,0,0,0,0,16.45910881,194.371769,190.4216915,167008900
1.13,0,1.636619182,1.636619182,1.636619182,1.636619182,1.636619182,0,0,0,0,16.50548386,194.3486254,190.4110868,168500000
1.14,0,1.634252924,1.634252924,1.634252924,1.634252924,1.634252924,0,0,0,0,16.55010261,194.3298398,190.4040828,169991200
1.15,0,1.631900663,1.631900663,1.631900663,1.631900663,1.631900663,0,0,0,0,16.59315243,194.3150625,190.4004056,171482400
1.16,0,1.628670281,1.628670281,1.628670281,1.628670281,1.628670281,0,0,0,0,16.63478872,194.3038682,190.3997009,172973500
1.17,0,1.625424349,1.625424349,1.625424349,1.625424349,1.625424349,0,0,0,0,16.67514465,194.2959223,190.4016932,174464600
1.18,0,1.622195235,1.622195235,1.622195235,1.622195235,1.622195235,0,0,0,0,16.71433799,194.2910418,190.4062441,175955800
1.19,0,1.618164036,1.618164036,1.618164036,1.618164036,1.618164036,0,0,0,0,16.75246245,194.2889084,190.4130824,177447000
1.2,0,1.612017403,1.612017403,1.612017403,1.612017403,1.612017403,0,0,0,0,16.78960196,194.2893412,190.4220623,178938100
1.21,0,1.605912999,1.605912999,1.605912999,1.605912999,1.605912999,0,0,0,0,16.82583035,194.2922731,190.4331419,180429300
1.22,0,1.599850768,1.599850768,1.599850768,1.599850768,1.599850768,0,0,0,0,16.86121721,194.2974226,190.4460769,181920400
1.23,0,1.593829926,1.593829926,1.593829926,1.593829926,1.593829926,0,0,0,0,16.8958141,194.3047659,190.4608599,183411600
1.24,0,1.587850517,1.587850517,1.587850517,1.587850517,1.587850517,0,0,0,0,16.92967443,194.3141463,190.4773592,184902700
1.25,0,1.581911857,1.581911857,1.581911857,1.581911857,1.581911857,0,0,0,0,16.96284538,194.3255076,190.4955352,186393900
1.26,0,1.576013589,1.576013589,1.576013589,1.576013589,1.576013589,0,0,0,0,16.9953665,194.3386298,190.515193,187885000
1.27,0,1.57015553,1.57015553,1.57015553,1.57015553,1.57015553,0,0,0,0,17.02727469,194.3534844,190.5363162,189376200
1.28,0,1.564337222,1.564337222,1.564337222,1.564337222,1.564337222,0,0,0,0,17.05860563,194.3701365,190.5589763,190867300
1.29,0,1.558558183,1.558558183,1.558558183,1.558558183,1.558558183,0,0,0,0,17.08938584,194.388312,190.5829235,192358500
1.3,0,1.552818255,1.552818255,1.552818255,1.552818255,1.552818255,0,0,0,0,17.11964576,194.4080161,190.6081714,193849600
1.31,0,1.547117054,1.547117054,1.547117054,1.547117054,1.547117054,0,0,0,0,17.14941201,194.4292553,190.6347337,195340800
1.32,0,1.541454124,1.541454124,1.541454124,1.541454124,1.541454124,0,0,0,0,17.17870433,194.4519471,190.6625386,196831900
1.33,0,1.53582938,1.53582938,1.53582938,1.53582938,1.53582938,0,0,0,0,17.21434732,194.4249305,190.6449805,198323100
1.34,0,1.530242164,1.530242164,1.530242164,1.530242164,1.530242164,0,0,0,0,17.2528206,194.3755098,190.6069319,199814200
1.35,0,1.524692392,1.524692392,1.524692392,1.524692392,1.524692392,0,0,0,0,17.29078647,194.3287967,190.571269,201305400
1.36,0,1.519179707,1.519179707,1.519179707,1.519179707,1.519179707,0,0,0,0,17.32826772,194.2847579,190.5379688,202796500
1.37,0,1.513703724,1.513703724,1.513703724,1.513703724,1.513703724,0,0,0,0,17.36528375,194.2431888,190.5068456,204287700
1.38,0,1.508264383,1.508264383,1.508264383,1.508264383,1.508264383,0,0,0,0,17.40185378,194.2041546,190.4779679,205778800
1.39,0,1.502861102,1.502861102,1.502861102,1.502861102,1.502861102,0,0,0,0,17.43799376,194.1673825,190.4510846,207270000
1.4,0,1.49749372,1.49749372,1.49749372,1.49749372,1.49749372,0,0,0,0,17.47371874,194.1328637,190.4261933,208761100
1.41,0,1.492161752,1.492161752,1.492161752,1.492161752,1.492161752,0,0,0,0,17.50904762,194.1005998,190.4033016,210252300
1.42,0,1.486865139,1.486865139,1.486865139,1.486865139,1.486865139,0,0,0,0,17.54399142,194.07042,190.3822533,211743400
1.43,0,1.481603595,1.481603595,1.481603595,1.481603595,1.481603595,0,0,0,0,17.57856482,194.0423353,190.3630639,213234600
1.44,0,1.47637666,1.47637666,1.47637666,1.47637666,1.47637666,0,0,0,0,17.61034355,194.0161843,190.353782,214725700
1.45,0,1.471184248,1.471184248,1.471184248,1.471184248,1.471184248,0,0,0,0,17.64042874,193.9919032,190.350645,216216900
1.46,0,1.466025898,1.466025898,1.466025898,1.466025898,1.466025898,0,0,0,0,17.67017854,193.9695943,190.3492155,217708000
1.47,0,1.460901424,1.460901424,1.460901424,1.460901424,1.460901424,0,0,0,0,17.69960223,193.9490256,190.3492806,219199200
1.48,0,1.455810663,1.455810663,1.455810663,1.455810663,1.455810663,0,0,0,0,17.72870979,193.9303093,190.3509515,220690300
1.49,0,1.450753131,1.450753131,1.450753131,1.450753131,1.450753131,0,0,0,0,17.75751085,193.9132248,190.3540254,222181500
1.5,0,1.445728663,1.445728663,1.445728663,1.445728663,1.445728663,0,0,0,0,17.78601198,193.8978831,190.3586117,223672600
1.51,0,1.440736973,1.440736973,1.440736973,1.440736973,1.440736973,0,0,0,0,17.81422734,193.8840779,190.3645218,225163800
1.52,0,1.435777897,1.435777897,1.435777897,1.435777897,1.435777897,0,0,0,0,17.84216799,193.8719393,190.3718833,226654900
1.53,0,1.430851149,1.430851149,1.430851149,1.430851149,1.430851149,0,0,0,0,17.86982574,193.8613051,190.3805446,228146100
1.54,0,1.425956163,1.425956163,1.425956163,1.425956163,1.425956163,0,0,0,0,17.89721819,193.8522393,190.3905724,229637200
1.55,0,1.421093153,1.421093153,1.421093153,1.421093153,1.421093153,0,0,0,0,17.92434762,193.8446096,190.4018448,231128400
1.56,0,1.416261552,1.416261552,1.416261552,1.416261552,1.416261552,0,0,0,0,17.95121949,193.8383737,190.4143256,232619500
1.57,0,1.411461274,1.411461274,1.411461274,1.411461274,1.411461274,0,0,0,0,17.94932875,193.7751441,190.3673953,234110700
1.58,0,1.406691951,1.406691951,1.406691951,1.406691951,1.406691951,0,0,0,0,17.94134859,193.6910496,190.2995561,235601800
1.59,0,1.401953396,1.401953396,1.401953396,1.401953396,1.401953396,0,0,0,0,17.93344409,193.60182,190.2268524,237093000
1.6,0,1.397245341,1.397245341,1.397245341,1.397245341,1.397245341,0,0,0,0,17.92555068,193.513143,190.1546506,238584100
1.61,0,1.392583083,1.392583083,1.392583083,1.392583083,1.392583083,0,0,0,0,17.91767757,193.4249397,190.0828778,240075300
1.62,0,1.387965271,1.387965271,1.387965271,1.387965271,1.387965271,0,0,0,0,17.90982747,193.3372849,190.0116058,241566400
1.63,0,1.38338684,1.38338684,1.38338684,1.38338684,1.38338684,0,0,0,0,17.90199039,193.2501451,189.9408011,243057600
1.64,0,1.378845556,1.378845556,1.378845556,1.378845556,1.378845556,0,0,0,0,17.89416774,193.1634253,189.8703742,244548700
1.65,0,1.374340507,1.374340507,1.374340507,1.374340507,1.374340507,0,0,0,0,17.88635284,193.0772642,189.8004555,246039900
1.66,0,1.369870716,1.369870716,1.369870716,1.369870716,1.369870716,0,0,0,0,17.87855762,192.9915106,189.7309041,247531000
1.67,0,1.365435365,1.365435365,1.365435365,1.365435365,1.365435365,0,0,0,0,17.87077459,192.9062148,189.6617666,249022200
1.68,0,1.36103426,1.36103426,1.36103426,1.36103426,1.36103426,0,0,0,0,17.86300649,192.8213757,189.5930425,250513300
1.69,0,1.35666666,1.35666666,1.35666666,1.35666666,1.35666666,0,0,0,0,17.85525064,192.7369737,189.5247131,252004500
1.7,0,1.35233219,1.35233219,1.35233219,1.35233219,1.35233219,0,0,0,0,17.84750878,192.6530055,189.4567756,253495600
1.71,0,1.348030397,1.348030397,1.348030397,1.348030397,1.348030397,0,0,0,0,17.83977605,192.5694476,189.3892071,254986800
1.72,0,1.343760866,1.343760866,1.343760866,1.343760866,1.343760866,0,0,0,0,17.83205829,192.4863043,189.322013,256478000
1.73,0,1.339523506,1.339523506,1.339523506,1.339523506,1.339523506,0,0,0,0,17.82435142,192.4035581,189.255176,257969100
1.74,0,1.335317728,1.335317728,1.335317728,1.335317728,1.335317728,0,0,0,0,17.81665521,192.3211981,189.1886859,259460300
1.75,0,1.331143374,1.331143374,1.331143374,1.331143374,1.331143374,0,0,0,0,17.80897069,192.2392982,189.1226133,260951400
1.76,0,1.327000087,1.327000087,1.327000087,1.327000087,1.327000087,0,0,0,0,17.8012975,192.1576885,189.0567971,262442500
1.77,0,1.322887417,1.322887417,1.322887417,1.322887417,1.322887417,0,0,0,0,17.7936335,192.0765204,188.9913805,263933700
1.78,0,1.318805335,1.318805335,1.318805335,1.318805335,1.318805335,0,0,0,0,17.78598025,191.995624,188.9262028,265424800
1.79,0,1.314753501,1.314753501,1.314753501,1.314753501,1.314753501,0,0,0,0,17.77833759,191.9151566,188.8614136,266916000
1.8,0,1.310731397,1.310731397,1.310731397,1.310731397,1.310731397,0,0,0,0,17.77070427,191.8351052,188.7970004,268407200
1.81,0,1.306739204,1.306739204,1.306739204,1.306739204,1.306739204,0,0,0,0,17.76308076,191.7553049,188.7328068,269898300
1.82,0,1.302776301,1.302776301,1.302776301,1.302776301,1.302776301,0,0,0,0,17.75546691,191.6758276,188.6689013,271389500
1.83,0,1.298842682,1.298842682,1.298842682,1.298842682,1.298842682,0,0,0,0,17.74786127,191.5967456,188.6053524,272880600
1.84,0,1.294937832,1.294937832,1.294937832,1.294937832,1.294937832,0,0,0,0,17.74026532,191.5180555,188.5421572,274371800
1.85,0,1.291061651,1.291061651,1.291061651,1.291061651,1.291061651,0,0,0,0,17.7326768,191.4395855,188.4791523,275862900
1.86,0,1.287213934,1.287213934,1.287213934,1.287213934,1.287213934,0,0,0,0,17.72509828,191.3614942,188.4164891,277354000
1.87,0,1.283394375,1.283394375,1.283394375,1.283394375,1.283394375,0,0,0,0,17.71752613,191.2836907,188.3540805,278845200
1.88,0,1.27960278,1.27960278,1.27960278,1.27960278,1.27960278,0,0,0,0,17.70996502,191.2062598,188.2920082,280336400
1.89,0,1.275838854,1.275838854,1.275838854,1.275838854,1.275838854,0,0,0,0,17.7024094,191.1290224,188.2301011,281827500
1.9,0,1.272102596,1.272102596,1.272102596,1.272102596,1.272102596,0,0,0,0,17.69486274,191.0521401,188.1685134,283318700
1.91,0,1.268393418,1.268393418,1.268393418,1.268393418,1.268393418,0,0,0,0,17.68732262,190.9756054,188.1072379,284809800
1.92,0,1.26454492,1.26454492,1.26454492,1.26454492,1.26454492,0,0,0,0,17.6797895,190.8993321,188.0461928,286301000
1.93,0,1.260490118,1.260490118,1.260490118,1.260490118,1.260490118,0,0,0,0,17.67226565,190.823404,187.9854583,287792100
1.94,0,1.256467716,1.256467716,1.256467716,1.256467716,1.256467716,0,0,0,0,17.66474765,190.7476446,187.9248659,289283300
1.95,0,1.25247753,1.25247753,1.25247753,1.25247753,1.25247753,0,0,0,0,17.65723686,190.6722974,187.8646479,290774400
1.96,0,1.248518965,1.248518965,1.248518965,1.248518965,1.248518965,0,0,0,0,17.64973376,190.5971138,187.8045676,292265600
1.97,0,1.244591941,1.244591941,1.244591941,1.244591941,1.244591941,0,0,0,0,17.64223581,190.5223268,187.7448467,293756700
1.98,0,1.240695964,1.240695964,1.240695964,1.240695964,1.240695964,0,0,0,0,17.63474412,190.447696,187.6852566,295247900
1.99,0,1.236830755,1.236830755,1.236830755,1.236830755,1.236830755,0,0,0,0,17.62726042,190.3733807,187.6259492,296739000
2,0,1.232996022,1.232996022,1.232996022,1.232996022,1.232996022,0,0,0,0,17.61978181,190.2993701,187.5669143,298230200
2.01,0,1.229849884,1.229849884,1.229849884,1.229849884,1.229849884,0,0,0,0,17.6036874,190.2839609,187.5624373,299721300
2.02,0,1.226713698,1.226713698,1.226713698,1.226713698,1.226713698,0,0,0,0,17.58725125,190.2744062,187.5635075,301212500
2.03,0,1.223608495,1.223608495,1.223608495,1.223608495,1.223608495,0,0,0,0,17.57066028,190.2662648,187.5659184,302703600
2.04,0,1.220533929,1.220533929,1.220533929,1.220533929,1.220533929,0,0,0,0,17.5539237,190.2595516,187.5696867,304194800
2.05,0,1.217489868,1.217489868,1.217489868,1.217489868,1.217489868,0,0,0,0,17.53704543,190.2541063,187.574661,305685900
2.06,0,1.214475967,1.214475967,1.214475967,1.214475967,1.214475967,0,0,0,0,17.52003206,190.2499471,187.5808605,307177100
2.07,0,1.211492091,1.211492091,1.211492091,1.211492091,1.211492091,0,0,0,0,17.50289091,190.2469311,187.5881507,308668200
2.08,0,1.208537896,1.208537896,1.208537896,1.208537896,1.208537896,0,0,0,0,17.48562602,190.2450769,187.5965508,310159400
2.09,0,1.205613146,1.205613146,1.205613146,1.205613146,1.205613146,0,0,0,0,17.46824318,190.2443282,187.6060088,311650500
2.1,0,1.202717595,1.202717595,1.202717595,1.202717595,1.202717595,0,0,0,0,17.4507489,190.2445538,187.6164012,313141700
2.11,0,1.199850909,1.199850909,1.199850909,1.199850909,1.199850909,0,0,0,0,17.43314549,190.245773,187.6277472,314632800
2.12,0,1.19701314,1.19701314,1.19701314,1.19701314,1.19701314,0,0,0,0,17.41544001,190.2478674,187.6399355,316124000
2.13,0,1.194203752,1.194203752,1.194203752,1.194203752,1.194203752,0,0,0,0,17.39763534,190.2508626,187.6529917,317615100
2.14,0,1.191422499,1.191422499,1.191422499,1.191422499,1.191422499,0,0,0,0,17.37973711,190.2546378,187.6668018,319106300
2.15,0,1.188669244,1.188669244,1.188669244,1.188669244,1.188669244,0,0,0,0,17.36174979,190.2592334,187.6814057,320597400
2.16,0,1.185943838,1.185943838,1.185943838,1.185943838,1.185943838,0,0,0,0,17.34367566,190.2646028,187.6967597,322088600
2.17,0,1.183245844,1.183245844,1.183245844,1.183245844,1.183245844,0,0,0,0,17.32551883,190.2707076,187.7128283,323579700
2.18,0,1.180575314,1.180575314,1.180575314,1.180575314,1.180575314,0,0,0,0,17.30728423,190.277438,187.7295077,325070900
2.19,0,1.177931809,1.177931809,1.177931809,1.177931809,1.177931809,0,0,0,0,17.28897462,190.2847567,187.746763,326562000
2.2,0,1.17531488,1.17531488,1.17531488,1.17531488,1.17531488,0,0,0,0,17.27059265,190.2927849,187.7647113,328053200
2.21,0,1.172724786,1.172724786,1.172724786,1.172724786,1.172724786,0,0,0,0,17.25214179,190.301335,187.783174,329544400
2.22,0,1.170160984,1.170160984,1.170160984,1.170160984,1.170160984,0,0,0,0,17.23362638,190.3103805,187.8021265,331035500
2.23,0,1.167623325,1.167623325,1.167623325,1.167623325,1.167623325,0,0,0,0,17.21504661,190.3200439,187.8216869,332526700
2.24,0,1.165111668,1.165111668,1.165111668,1.165111668,1.165111668,0,0,0,0,17.1964096,190.3301467,187.8416856,334017800
2.25,0,1.162625563,1.162625563,1.162625563,1.162625563,1.162625563,0,0,0,0,17.17771429,190.340656,187.8620912,335509000
2.26,0,1.160164869,1.160164869,1.160164869,1.160164869,1.160164869,0,0,0,0,17.15896554,190.3517116,187.883039,337000100
2.27,0,1.157729537,1.157729537,1.157729537,1.157729537,1.157729537,0,0,0,0,17.14016305,190.363124,187.9043474,338491200
2.28,0,1.155319319,1.155319319,1.155319319,1.155319319,1.155319319,0,0,0,0,17.1213105,190.3748685,187.925994,339982400
2.29,0,1.152933772,1.152933772,1.152933772,1.152933772,1.152933772,0,0,0,0,17.10241141,190.387092,187.9481202,341473500
2.3,0,1.150572745,1.150572745,1.150572745,1.150572745,1.150572745,0,0,0,0,17.08346918,190.3996134,187.9705533,342964700
2.31,0,1.148236195,1.148236195,1.148236195,1.148236195,1.148236195,0,0,0,0,17.06448219,190.4124826,187.9933412,344455800
2.32,0,1.14592377,1.14592377,1.14592377,1.14592377,1.14592377,0,0,0,0,17.04545367,190.4256076,188.0163965,345947000
2.33,0,1.143635227,1.143635227,1.143635227,1.143635227,1.143635227,0,0,0,0,17.0263888,190.4391333,188.0398592,347438100
2.34,0,1.141370413,1.141370413,1.141370413,1.141370413,1.141370413,0,0,0,0,17.00728369,190.4528699,188.063547,348929300
2.35,0,1.139129184,1.139129184,1.139129184,1.139129184,1.139129184,0,0,0,0,16.98814534,190.4668134,188.0874572,350420400
2.36,0,1.136911287,1.136911287,1.136911287,1.136911287,1.136911287,0,0,0,0,16.96897265,190.4811003,188.111721,351911600
2.37,0,1.134716276,1.134716276,1.134716276,1.134716276,1.134716276,0,0,0,0,16.94976848,190.4955605,188.1361758,353402800
2.38,0,1.132544204,1.132544204,1.132544204,1.132544204,1.132544204,0,0,0,0,16.93053471,190.5102563,188.1608818,354893900
2.39,0,1.130394916,1.130394916,1.130394916,1.130394916,1.130394916,0,0,0,0,16.91126893,190.5251671,188.1858194,356385100
2.4,0,1.12826797,1.12826797,1.12826797,1.12826797,1.12826797,0,0,0,0,16.89197896,190.5402135,188.2109134,357876200
2.41,0,1.126163209,1.126163209,1.126163209,1.126163209,1.126163209,0,0,0,0,16.87266332,190.5555351,188.2362981,359367400
2.42,0,1.124080488,1.124080488,1.124080488,1.124080488,1.124080488,0,0,0,0,16.85332156,190.570876,188.2617278,360858500
2.43,0,1.122019655,1.122019655,1.122019655,1.122019655,1.122019655,0,0,0,0,16.83395721,190.5864678,188.2874256,362349700
2.44,0,1.119980461,1.119980461,1.119980461,1.119980461,1.119980461,0,0,0,0,16.81457171,190.6022214,188.3133064,363840800
2.45,0,1.117962654,1.117962654,1.117962654,1.117962654,1.117962654,0,0,0,0,16.79516643,190.618047,188.3392842,365332000
2.46,0,1.115965986,1.115965986,1.115965986,1.115965986,1.115965986,0,0,0,0,16.77573968,190.6340042,188.3654164,366823100
2.47,0,1.113990403,1.113990403,1.113990403,1.113990403,1.113990403,0,0,0,0,16.75629476,190.6500921,188.3917026,368314300
2.48,0,1.112035559,1.112035559,1.112035559,1.112035559,1.112035559,0,0,0,0,16.73683397,190.6662197,188.4180559,369805400
2.49,0,1.110101398,1.110101398,1.110101398,1.110101398,1.110101398,0,0,0,0,16.71735545,190.682536,188.4446195,371296600
2.5,0,1.108187574,1.108187574,1.108187574,1.108187574,1.108187574,0,0,0,0,16.69786143,190.698871,188.4712303,372787700
2.51,0,1.10629403,1.10629403,1.10629403,1.10629403,1.10629403,0,0,0,0,16.67835496,190.7152994,188.497961,374278900
2.52,0,1.104420321,1.104420321,1.104420321,1.104420321,1.104420321,0,0,0,0,16.65883416,190.731732,188.5247252,375770000
2.53,0,1.102566391,1.102566391,1.102566391,1.102566391,1.102566391,0,0,0,0,16.63930204,190.7483235,188.5516728,377261200
2.54,0,1.100732192,1.100732192,1.100732192,1.100732192,1.100732192,0,0,0,0,16.6197577,190.7648994,188.5786356,378752300
2.55,0,1.09891737,1.09891737,1.09891737,1.09891737,1.09891737,0,0,0,0,16.60020193,190.781538,188.6056894,380243500
2.56,0,1.097121676,1.097121676,1.097121676,1.097121676,1.097121676,0,0,0,0,16.58063684,190.7982315,188.632827,381734600
2.57,0,1.095345055,1.095345055,1.095345055,1.095345055,1.095345055,0,0,0,0,16.56106326,190.8149722,188.6600412,383225800
2.58,0,1.09358716,1.09358716,1.09358716,1.09358716,1.09358716,0,0,0,0,16.54148005,190.8316734,188.6872487,384716900
2.59,0,1.091847934,1.091847934,1.091847934,1.091847934,1.091847934,0,0,0,0,16.52188912,190.8484902,188.7145991,386208100
2.6,0,1.09012703,1.09012703,1.09012703,1.09012703,1.09012703,0,0,0,0,16.50229223,190.865259,188.7419352,387699200
2.61,0,1.088424493,1.088424493,1.088424493,1.088424493,1.088424493,0,0,0,0,16.48269023,190.8820536,188.7693283,389190400
2.62,0,1.086739875,1.086739875,1.086739875,1.086739875,1.086739875,0,0,0,0,16.46307982,190.8987793,188.7966868,390681500
2.63,0,1.085073119,1.085073119,1.085073119,1.085073119,1.085073119,0,0,0,0,16.44346571,190.915603,188.8241726,392172700
2.64,0,1.083423978,1.083423978,1.083423978,1.083423978,1.083423978,0,0,0,0,16.42384876,190.9323574,188.8516243,393663800
2.65,0,1.081792297,1.081792297,1.081792297,1.081792297,1.081792297,0,0,0,0,16.40422647,190.9491139,188.8791106,395155000
2.66,0,1.080177727,1.080177727,1.080177727,1.080177727,1.080177727,0,0,0,0,16.38459961,190.9658629,188.9066225,396646100
2.67,0,1.078580413,1.078580413,1.078580413,1.078580413,1.078580413,0,0,0,0,16.36497285,190.9826146,188.9341707,398137300
2.68,0,1.076999906,1.076999906,1.076999906,1.076999906,1.076999906,0,0,0,0,16.34534269,190.9993537,188.9617399,399628400
2.69,0,1.075436053,1.075436053,1.075436053,1.075436053,1.075436053,0,0,0,0,16.32570985,191.0160777,188.989328,401119600
2.7,0,1.073888702,1.073888702,1.073888702,1.073888702,1.073888702,0,0,0,0,16.30607585,191.0327026,189.0168541,402610800
2.71,0,1.072357703,1.072357703,1.072357703,1.072357703,1.072357703,0,0,0,0,16.28644223,191.0493093,189.0443967,404101900
2.72,0,1.070842703,1.070842703,1.070842703,1.070842703,1.070842703,0,0,0,0,16.26680561,191.0658856,189.0719436,405593100
2.73,0,1.069343751,1.069343751,1.069343751,1.069343751,1.069343751,0,0,0,0,16.2471735,191.0824428,189.0995068,407084200
2.74,0,1.067860397,1.067860397,1.067860397,1.067860397,1.067860397,0,0,0,0,16.22753829,191.0989582,189.1270636,408575300
2.75,0,1.066392685,1.066392685,1.066392685,1.066392685,1.066392685,0,0,0,0,16.20790461,191.1153609,189.1545461,410066500
2.76,0,1.064940368,1.064940368,1.064940368,1.064940368,1.064940368,0,0,0,0,16.18827182,191.1318036,189.1821019,411557600
2.77,0,1.063503192,1.063503192,1.063503192,1.063503192,1.063503192,0,0,0,0,16.16864254,191.1481288,189.209579,413048800
2.78,0,1.062080908,1.062080908,1.062080908,1.062080908,1.062080908,0,0,0,0,16.14901403,191.1644074,189.2370459,414539900
2.79,0,1.060673462,1.060673462,1.060673462,1.060673462,1.060673462,0,0,0,0,16.12938782,191.180639,189.2645024,416031100
2.8,0,1.059280707,1.059280707,1.059280707,1.059280707,1.059280707,0,0,0,0,16.10976531,191.1968223,189.2919476,417522200
2.81,0,1.057902387,1.057902387,1.057902387,1.057902387,1.057902387,0,0,0,0,16.0901448,191.2128738,189.3193005,419013400
2.82,0,1.056538356,1.056538356,1.056538356,1.056538356,1.056538356,0,0,0,0,16.07052682,191.2289469,189.3467098,420504500
2.83,0,1.055188359,1.055188359,1.055188359,1.055188359,1.055188359,0,0,0,0,16.05091271,191.2448823,189.3740213,421995700
2.84,0,1.053852249,1.053852249,1.053852249,1.053852249,1.053852249,0,0,0,0,16.03130177,191.2608371,189.4013873,423486800
2.85,0,1.052529771,1.052529771,1.052529771,1.052529771,1.052529771,0,0,0,0,16.01169743,191.2766583,189.4286601,424978000
2.86,0,1.05122088,1.05122088,1.05122088,1.05122088,1.05122088,0,0,0,0,15.99209603,191.2924113,189.4559027,426469100
2.87,0,1.04992537,1.04992537,1.04992537,1.04992537,1.04992537,0,0,0,0,15.97249982,191.3080987,189.4831181,427960300
2.88,0,1.048642884,1.048642884,1.048642884,1.048642884,1.048642884,0,0,0,0,15.95290604,191.323633,189.5102208,429451500
2.89,0,1.047373542,1.047373542,1.047373542,1.047373542,1.047373542,0,0,0,0,15.93332024,191.3391847,189.5373772,430942600
2.9,0,1.046116902,1.046116902,1.046116902,1.046116902,1.046116902,0,0,0,0,15.91373856,191.3545829,189.5644211,432433800
2.91,0,1.044872896,1.044872896,1.044872896,1.044872896,1.044872896,0,0,0,0,15.89416227,191.3699865,189.5915068,433924900
2.92,0,1.043641353,1.043641353,1.043641353,1.043641353,1.043641353,0,0,0,0,15.87459173,191.3852348,189.6184786,435416100
2.93,0,1.042422134,1.042422134,1.042422134,1.042422134,1.042422134,0,0,0,0,15.85502605,191.4004057,189.645412,436907200
2.94,0,1.041214969,1.041214969,1.041214969,1.041214969,1.041214969,0,0,0,0,15.83546876,191.4155035,189.6723117,438398400
2.95,0,1.040019689,1.040019689,1.040019689,1.040019689,1.040019689,0,0,0,0,15.81591679,191.430521,189.6991703,439889500
2.96,0,1.038836154,1.038836154,1.038836154,1.038836154,1.038836154,0,0,0,0,15.79637069,191.4453733,189.7259056,441380700
2.97,0,1.037664196,1.037664196,1.037664196,1.037664196,1.037664196,0,0,0,0,15.77683047,191.4602208,189.7526734,442871800
2.98,0,1.036503554,1.036503554,1.036503554,1.036503554,1.036503554,0,0,0,0,15.75729943,191.4749139,189.7793288,444363000
2.99,0,1.035354173,1.035354173,1.035354173,1.035354173,1.035354173,0,0,0,0,15.7377728,191.4895933,189.8060082,445854100
3,0,1.034215801,1.034215801,1.034215801,1.034215801,1.034215801,0,0,0,0,15.71825576,191.5041138,189.832571,447345200
3.01,0,1.033253541,1.033253541,1.033253541,1.033253541,1.033253541,0,0,0,0,15.6987456,191.518546,189.8590855,448836400
3.02,0,1.032494186,1.032494186,1.032494186,1.032494186,1.032494186,0,0,0,0,15.67924034,191.5328839,189.8855458,450327600
3.03,0,1.031745788,1.031745788,1.031745788,1.031745788,1.031745788,0,0,0,0,15.65974537,191.5471389,189.9119637,451818700
3.04,0,1.031008324,1.031008324,1.031008324,1.031008324,1.031008324,0,0,0,0,15.64025677,191.5612994,189.9383275,453309900
3.05,0,1.030281696,1.030281696,1.030281696,1.030281696,1.030281696,0,0,0,0,15.62077569,191.5753664,189.9646384,454801000
3.06,0,1.029565971,1.029565971,1.029565971,1.029565971,1.029565971,0,0,0,0,15.60130333,191.589265,189.9908236,456292200
3.07,0,1.02886097,1.02886097,1.02886097,1.02886097,1.02886097,0,0,0,0,15.58183791,191.6031464,190.0170302,457783300
3.08,0,1.028166862,1.028166862,1.028166862,1.028166862,1.028166862,0,0,0,0,15.56238252,191.6168607,190.0431127,459274500
3.09,0,1.027483448,1.027483448,1.027483448,1.027483448,1.027483448,0,0,0,0,15.54293337,191.6304723,190.0691334,460765600
3.1,0,1.026810806,1.026810806,1.026810806,1.026810806,1.026810806,0,0,0,0,15.5234926,191.6439888,190.0951,462256800
3.11,0,1.026148939,1.026148939,1.026148939,1.026148939,1.026148939,0,0,0,0,15.50406024,191.6574893,190.1210896,463747900
3.12,0,1.025497736,1.025497736,1.025497736,1.025497736,1.025497736,0,0,0,0,15.48463759,191.6707353,190.1468701,465239000
3.13,0,1.024857287,1.024857287,1.024857287,1.024857287,1.024857287,0,0,0,0,15.46522171,191.6839576,190.172666,466730200
3.14,0,1.024227383,1.024227383,1.024227383,1.024227383,1.024227383,0,0,0,0,15.44581483,191.69708,190.1984035,468221400
3.15,0,1.023608217,1.023608217,1.023608217,1.023608217,1.023608217,0,0,0,0,15.42641783,191.7101083,190.2240883,469712500
3.16,0,1.022999657,1.022999657,1.022999657,1.022999657,1.022999657,0,0,0,0,15.40702807,191.722951,190.249631,471203700
3.17,0,1.083381213,1.083381213,1.083381213,1.083381213,1.083381213,0,0,0,0,15.38689458,191.7336126,190.2730128,472694800
3.18,0,1.082605518,1.082605518,1.082605518,1.082605518,1.082605518,0,0,0,0,15.36635146,191.7428489,190.2950033,474186000
3.19,0,1.081832934,1.081832934,1.081832934,1.081832934,1.081832934,0,0,0,0,15.34560481,191.7512246,190.3161733,475677100
3.2,0,1.081063528,1.081063528,1.081063528,1.081063528,1.081063528,0,0,0,0,15.32466072,191.7587547,190.3365379,477168300
3.21,0,1.080297287,1.080297287,1.080297287,1.080297287,1.080297287,0,0,0,0,15.30352834,191.7654614,190.3561199,478659400
3.22,0,1.079533931,1.079533931,1.079533931,1.079533931,1.079533931,0,0,0,0,15.28221276,191.7714323,190.375005,480150600
3.23,0,1.078773555,1.078773555,1.078773555,1.078773555,1.078773555,0,0,0,0,15.26072211,191.7765307,190.3930608,481641700
3.24,0,1.07801611,1.07801611,1.07801611,1.07801611,1.07801611,0,0,0,0,15.23906138,191.7808432,190.4103722,483132900
3.25,0,1.077261564,1.077261564,1.077261564,1.077261564,1.077261564,0,0,0,0,15.2172367,191.7844677,190.4270355,484624000
3.26,0,1.076509889,1.076509889,1.076509889,1.076509889,1.076509889,0,0,0,0,15.1952582,191.7873467,190.4429955,486115200
3.27,0,1.075760943,1.075760943,1.075760943,1.075760943,1.075760943,0,0,0,0,15.17312683,191.789483,190.4582548,487606300
3.28,0,1.075014789,1.075014789,1.075014789,1.075014789,1.075014789,0,0,0,0,15.15084888,191.7908875,190.4728251,489097500
3.29,0,1.074271306,1.074271306,1.074271306,1.074271306,1.074271306,0,0,0,0,15.1284323,191.791662,190.4868063,490588600
3.3,0,1.073530458,1.073530458,1.073530458,1.073530458,1.073530458,0,0,0,0,15.10588101,191.7917325,190.5001266,492079800
3.31,0,1.072792305,1.072792305,1.072792305,1.072792305,1.072792305,0,0,0,0,15.08320236,191.7911207,190.5128079,493570900
3.32,0,1.072056613,1.072056613,1.072056613,1.072056613,1.072056613,0,0,0,0,15.06039729,191.7898216,190.5248452,495062100
3.33,0,1.071323562,1.071323562,1.071323562,1.071323562,1.071323562,0,0,0,0,15.0374758,191.7879441,190.5363463,496553200
3.34,0,1.070592918,1.070592918,1.070592918,1.070592918,1.070592918,0,0,0,0,15.01443804,191.7854071,190.5472315,498044400
3.35,0,1.069864744,1.069864744,1.069864744,1.069864744,1.069864744,0,0,0,0,14.99129302,191.7822316,190.5575224,499535500
3.36,0,1.069138917,1.069138917,1.069138917,1.069138917,1.069138917,0,0,0,0,14.96804381,191.7785043,190.5673041,501026700
3.37,0,1.068415508,1.068415508,1.068415508,1.068415508,1.068415508,0,0,0,0,14.94469147,191.7741438,190.576497,502517800
3.38,0,1.067694487,1.067694487,1.067694487,1.067694487,1.067694487,0,0,0,0,14.92124506,191.7692583,190.5852077,504009000
3.39,0,1.066975716,1.066975716,1.066975716,1.066975716,1.066975716,0,0,0,0,14.89770656,191.7637661,190.5933567,505500200
3.4,0,1.066259178,1.066259178,1.066259178,1.066259178,1.066259178,0,0,0,0,14.87408019,191.7576803,190.6009569,506991300
3.41,0,1.065544851,1.065544851,1.065544851,1.065544851,1.065544851,0,0,0,0,14.85037273,191.7510984,190.6081046,508482500
3.42,0,1.064832791,1.064832791,1.064832791,1.064832791,1.064832791,0,0,0,0,14.82658141,191.7440092,190.6147885,509973600
3.43,0,1.064122779,1.064122779,1.064122779,1.064122779,1.064122779,0,0,0,0,14.80271636,191.7362799,190.6208793,511464800
3.44,0,1.0634149,1.0634149,1.0634149,1.0634149,1.0634149,0,0,0,0,14.77877833,191.7281492,190.6266111,512955900
3.45,0,1.062709195,1.062709195,1.062709195,1.062709195,1.062709195,0,0,0,0,14.75477154,191.7194724,190.6318424,514447100
3.46,0,1.062005381,1.062005381,1.062005381,1.062005381,1.062005381,0,0,0,0,14.73070102,191.7102578,190.6365816,515938200
3.47,0,1.061303711,1.061303711,1.061303711,1.061303711,1.061303711,0,0,0,0,14.70656778,191.7005872,190.6409093,517429300
3.48,0,1.06060396,1.06060396,1.06060396,1.06060396,1.06060396,0,0,0,0,14.68237585,191.6904702,190.6448351,518920500
3.49,0,1.059906105,1.059906105,1.059906105,1.059906105,1.059906105,0,0,0,0,14.65812823,191.6798367,190.6482904,520411600
3.5,0,1.059210319,1.059210319,1.059210319,1.059210319,1.059210319,0,0,0,0,14.63382803,191.6686906,190.6512793,521902800
3.51,0,1.058516289,1.058516289,1.058516289,1.058516289,1.058516289,0,0,0,0,14.60947816,191.657202,190.6539691,523394000
3.52,0,1.057824085,1.057824085,1.057824085,1.057824085,1.057824085,0,0,0,0,14.58508372,191.6452228,190.6562148,524885100
3.53,0,1.057133689,1.057133689,1.057133689,1.057133689,1.057133689,0,0,0,0,14.56064379,191.6327475,190.6580107,526376300
3.54,0,1.056445162,1.056445162,1.056445162,1.056445162,1.056445162,0,0,0,0,14.53616428,191.6198743,190.6594539,527867400
3.55,0,1.05575841,1.05575841,1.05575841,1.05575841,1.05575841,0,0,0,0,14.51164418,191.6066008,190.6605421,529358600
3.56,0,1.055073292,1.055073292,1.055073292,1.055073292,1.055073292,0,0,0,0,14.48709065,191.5929402,190.6612885,530849700
3.57,0,1.054389985,1.054389985,1.054389985,1.054389985,1.054389985,0,0,0,0,14.4625037,191.5788164,190.6616186,532340900
3.58,0,1.05370829,1.05370829,1.05370829,1.05370829,1.05370829,0,0,0,0,14.43788519,191.564312,190.6616135,533832000
3.59,0,1.053028255,1.053028255,1.053028255,1.053028255,1.053028255,0,0,0,0,14.41554658,191.5494377,190.6517492,535323100
3.6,0,1.052349889,1.052349889,1.052349889,1.052349889,1.052349889,0,0,0,0,14.39465858,191.5341248,190.6353613,536814300
3.61,0,1.051673052,1.051673052,1.051673052,1.051673052,1.051673052,0,0,0,0,14.37374614,191.5184489,190.6186112,538305500
3.62,0,1.050997837,1.050997837,1.050997837,1.050997837,1.050997837,0,0,0,0,14.35280927,191.5024084,190.6014973,539796600
3.63,0,1.05032412,1.05032412,1.05032412,1.05032412,1.05032412,0,0,0,0,14.33185704,191.4860308,190.5840472,541287800
3.64,0,1.049651987,1.049651987,1.049651987,1.049651987,1.049651987,0,0,0,0,14.31088746,191.4692298,190.5661758,542778900
3.65,0,1.048981304,1.048981304,1.048981304,1.048981304,1.048981304,0,0,0,0,14.28990042,191.4520861,190.5479626,544270100
3.66,0,1.048312068,1.048312068,1.048312068,1.048312068,1.048312068,0,0,0,0,14.26890209,191.4346108,190.5294189,545761200
3.67,0,1.047644266,1.047644266,1.047644266,1.047644266,1.047644266,0,0,0,0,14.24789236,191.4168082,190.5105489,547252400
3.68,0,1.046977972,1.046977972,1.046977972,1.046977972,1.046977972,0,0,0,0,14.22687329,191.3986826,190.4913571,548743600
3.69,0,1.046312961,1.046312961,1.046312961,1.046312961,1.046312961,0,0,0,0,14.20584591,191.3801569,190.4717675,550234700
3.7,0,1.045649434,1.045649434,1.045649434,1.045649434,1.045649434,0,0,0,0,14.18481417,191.3614002,190.451947,551725800
3.71,0,1.044987152,1.044987152,1.044987152,1.044987152,1.044987152,0,0,0,0,14.16377606,191.3422482,190.4317335,553217000
3.72,0,1.044326332,1.044326332,1.044326332,1.044326332,1.044326332,0,0,0,0,14.14273771,191.3227976,190.4112228,554708100
3.73,0,1.043666714,1.043666714,1.043666714,1.043666714,1.043666714,0,0,0,0,14.12169791,191.3030446,190.390411,556199300
3.74,0,1.043008326,1.043008326,1.043008326,1.043008326,1.043008326,0,0,0,0,14.10065884,191.282916,190.3692262,557690400
3.75,0,1.04235133,1.04235133,1.04235133,1.04235133,1.04235133,0,0,0,0,14.07962048,191.2625704,190.3478246,559181600
3.76,0,1.041695511,1.041695511,1.041695511,1.041695511,1.041695511,0,0,0,0,14.0585867,191.2419379,190.3261377,560672700
3.77,0,1.041040954,1.041040954,1.041040954,1.041040954,1.041040954,0,0,0,0,14.03755964,191.2209481,190.3040962,562163900
3.78,0,1.040387554,1.040387554,1.040387554,1.040387554,1.040387554,0,0,0,0,14.01653831,191.1997519,190.2818486,563655000
3.79,0,1.039735386,1.039735386,1.039735386,1.039735386,1.039735386,0,0,0,0,13.99552454,191.1782019,190.2592499,565146200
3.8,0,1.039084346,1.039084346,1.039084346,1.039084346,1.039084346,0,0,0,0,13.97452049,191.1563801,190.2363811,566637300
3.81,0,1.038434521,1.038434521,1.038434521,1.038434521,1.038434521,0,0,0,0,13.95352808,191.1342909,190.2132466,568128400
3.82,0,1.037785775,1.037785775,1.037785775,1.037785775,1.037785775,0,0,0,0,13.93254738,191.1120156,190.1899266,569619600
3.83,0,1.037138125,1.037138125,1.037138125,1.037138125,1.037138125,0,0,0,0,13.91157824,191.0893961,190.1662652,571110800
3.84,0,1.036491639,1.036491639,1.036491639,1.036491639,1.036491639,0,0,0,0,13.89062282,191.0665146,190.1423437,572601900
3.85,0,1.035846113,1.035846113,1.035846113,1.035846113,1.035846113,0,0,0,0,13.86968399,191.043386,190.1181767,574093100
3.86,0,1.035201734,1.035201734,1.035201734,1.035201734,1.035201734,0,0,0,0,13.84876185,191.0200019,190.0937563,575584200
3.87,0,1.034558279,1.034558279,1.034558279,1.034558279,1.034558279,0,0,0,0,13.8278573,190.996451,190.0691697,577075400
3.88,0,1.033915947,1.033915947,1.033915947,1.033915947,1.033915947,0,0,0,0,13.8069714,190.9725763,190.0442623,578566500
3.89,0,1.033274624,1.033274624,1.033274624,1.033274624,1.033274624,0,0,0,0,13.78610409,190.9484541,190.0191094,580057700
3.9,0,1.032634299,1.032634299,1.032634299,1.032634299,1.032634299,0,0,0,0,13.76525738,190.9240945,189.9937212,581548900
3.91,0,1.03199486,1.03199486,1.03199486,1.03199486,1.03199486,0,0,0,0,13.74443327,190.8995037,189.9681038,583040000
3.92,0,1.031356396,1.031356396,1.031356396,1.031356396,1.031356396,0,0,0,0,13.72363079,190.8747535,189.9423277,584531100
3.93,0,1.030718994,1.030718994,1.030718994,1.030718994,1.030718994,0,0,0,0,13.7028519,190.8496939,189.9162456,586022300
3.94,0,1.030082444,1.030082444,1.030082444,1.030082444,1.030082444,0,0,0,0,13.68209748,190.8244879,189.8900179,587513500
3.95,0,1.029446735,1.029446735,1.029446735,1.029446735,1.029446735,0,0,0,0,13.66136873,190.7989815,189.8634932,589004600
3.96,0,1.028811967,1.028811967,1.028811967,1.028811967,1.028811967,0,0,0,0,13.64066442,190.7733259,189.8368203,590495700
3.97,0,1.028178107,1.028178107,1.028178107,1.028178107,1.028178107,0,0,0,0,13.61998772,190.7474527,189.809932,591986900
3.98,0,1.027545066,1.027545066,1.027545066,1.027545066,1.027545066,0,0,0,0,13.59933954,190.7212896,189.7827572,593478100
3.99,0,1.026912925,1.026912925,1.026912925,1.026912925,1.026912925,0,0,0,0,13.57871887,190.6949875,189.7554444,594969200
4,0,1.026281571,1.026281571,1.026281571,1.026281571,1.026281571,0,0,0,0,13.55812564,190.6684707,189.7279191,596460400
4.01,0,1.025651107,1.025651107,1.025651107,1.025651107,1.025651107,0,0,0,0,13.537565,190.6418299,189.700271,597951600
4.02,0,1.025021413,1.025021413,1.025021413,1.025021413,1.025021413,0,0,0,0,13.51703181,190.6148955,189.6723328,599442600
4.03,0,1.024392577,1.024392577,1.024392577,1.024392577,1.024392577,0,0,0,0,13.49653106,190.5877602,189.6441961,600933800
4.04,0,1.023764401,1.023764401,1.023764401,1.023764401,1.023764401,0,0,0,0,13.47606272,190.5605064,189.615942,602425000
4.05,0,1.023137176,1.023137176,1.023137176,1.023137176,1.023137176,0,0,0,0,13.45562592,190.5330487,189.5874864,603916200
4.06,0,1.022510584,1.022510584,1.022510584,1.022510584,1.022510584,0,0,0,0,13.43522148,190.5053143,189.5587578,605407200
4.07,0,1.021884714,1.021884714,1.021884714,1.021884714,1.021884714,0,0,0,0,13.41485044,190.4775403,189.5299896,606898400
4.08,0,1.021259667,1.021259667,1.021259667,1.021259667,1.021259667,0,0,0,0,13.3945148,190.4494987,189.5009575,608389600
4.09,0,1.020635237,1.020635237,1.020635237,1.020635237,1.020635237,0,0,0,0,13.37421154,190.42126,189.4717307,609880700
4.1,0,1.020011604,1.020011604,1.020011604,1.020011604,1.020011604,0,0,0,0,13.35394664,190.3929204,189.4424044,611371800
4.11,0,1.019388678,1.019388678,1.019388678,1.019388678,1.019388678,0,0,0,0,13.33371411,190.3643054,189.4128064,612863000
4.12,0,1.018766433,1.018766433,1.018766433,1.018766433,1.018766433,0,0,0,0,13.31351891,190.3355882,189.3831075,614354100
4.13,0,1.01814487,1.01814487,1.01814487,1.01814487,1.01814487,0,0,0,0,13.29336102,190.3067691,189.3533082,615845300
4.14,0,1.017523972,1.017523972,1.017523972,1.017523972,1.017523972,0,0,0,0,13.27324045,190.277692,189.3232546,617336400
4.15,0,1.016903659,1.016903659,1.016903659,1.016903659,1.016903659,0,0,0,0,13.25315517,190.2485039,189.2930915,618827600
4.16,0,1.016284085,1.016284085,1.016284085,1.016284085,1.016284085,0,0,0,0,13.23311019,190.2191484,189.2627635,620318700
4.17,0,1.015665072,1.015665072,1.015665072,1.015665072,1.015665072,0,0,0,0,13.21310235,190.1896147,189.23226,621809900
4.18,0,1.015046702,1.015046702,1.015046702,1.015046702,1.015046702,0,0,0,0,13.1931339,190.1599045,189.2015828,623301100
4.19,0,1.014428959,1.014428959,1.014428959,1.014428959,1.014428959,0,0,0,0,13.17320457,190.1300277,189.1707416,624792200
4.2,0,1.013811754,1.013811754,1.013811754,1.013811754,1.013811754,0,0,0,0,13.15331449,190.1000563,189.1398073,626283300
4.21,0,1.013195271,1.013195271,1.013195271,1.013195271,1.013195271,0,0,0,0,13.1334646,190.0699163,189.1087072,627774500
4.22,0,1.012579302,1.012579302,1.012579302,1.012579302,1.012579302,0,0,0,0,13.11365387,190.0396849,189.0775171,629265700
4.23,0,1.011963851,1.011963851,1.011963851,1.011963851,1.011963851,0,0,0,0,13.09388525,190.0092176,189.0460952,630756800
4.24,0,1.011349001,1.011349001,1.011349001,1.011349001,1.011349001,0,0,0,0,13.0741568,189.97866,189.0145845,632247900
4.25,0,1.010734743,1.010734743,1.010734743,1.010734743,1.010734743,0,0,0,0,13.05447058,189.9479451,188.9829193,633739100
4.26,0,1.010121074,1.010121074,1.010121074,1.010121074,1.010121074,0,0,0,0,13.03482437,189.9171418,188.9511673,635230300
4.27,0,1.009507795,1.009507795,1.009507795,1.009507795,1.009507795,0,0,0,0,13.01521819,189.8860969,188.9191778,636721400
4.28,0,1.00889509,1.00889509,1.00889509,1.00889509,1.00889509,0,0,0,0,12.99565915,189.8549916,188.8871295,638212600
4.29,0,1.008282963,1.008282963,1.008282963,1.008282963,1.008282963,0,0,0,0,12.97613813,189.8237908,188.8549873,639703700
4.3,0,1.007671306,1.007671306,1.007671306,1.007671306,1.007671306,0,0,0,0,12.9566622,189.7923679,188.8226273,641194900
4.31,0,1.007060096,1.007060096,1.007060096,1.007060096,1.007060096,0,0,0,0,12.93722713,189.7608625,188.7901863,642686000
4.32,0,1.006449453,1.006449453,1.006449453,1.006449453,1.006449453,0,0,0,0,12.91783721,189.729292,188.7576819,644177200
4.33,0,1.005839254,1.005839254,1.005839254,1.005839254,1.005839254,0,0,0,0,12.89848821,189.6974833,188.7249434,645668300
4.34,0,1.005229591,1.005229591,1.005229591,1.005229591,1.005229591,0,0,0,0,12.87918524,189.6656126,188.6921448,647159500
4.35,0,1.00462038,1.00462038,1.00462038,1.00462038,1.00462038,0,0,0,0,12.85992413,189.6335903,188.6591974,648650600
4.36,0,1.004011492,1.004011492,1.004011492,1.004011492,1.004011492,0,0,0,0,12.84070788,189.6015027,188.6261865,650141800
4.37,0,1.003403234,1.003403234,1.003403234,1.003403234,1.003403234,0,0,0,0,12.82153465,189.5692654,188.5930288,651632900
4.38,0,1.002795299,1.002795299,1.002795299,1.002795299,1.002795299,0,0,0,0,12.80240728,189.5368916,188.5597377,653124100
4.39,0,1.002187782,1.002187782,1.002187782,1.002187782,1.002187782,0,0,0,0,12.78332474,189.5044555,188.526386,654615200
4.4,0,1.001580776,1.001580776,1.001580776,1.001580776,1.001580776,0,0,0,0,12.76428505,189.4718702,188.4928882,656106400
4.41,0,1.000974076,1.000974076,1.000974076,1.000974076,1.000974076,0,0,0,0,12.7452913,189.4391479,188.4592565,657597500
4.42,0,1.000367867,1.000367867,1.000367867,1.000367867,1.000367867,0,0,0,0,12.72634126,189.4063618,188.4255627,659088700
4.43,0,0.999762064,0.999762064,0.999762064,0.999762064,0.999762064,0,0,0,0,12.70743598,189.3734379,188.3917341,660579800
4.44,0,0.999156649,0.999156649,0.999156649,0.999156649,0.999156649,0,0,0,0,12.68857451,189.3403741,188.3577688,662071000
4.45,0,0.99855162,0.99855162,0.99855162,0.99855162,0.99855162,0,0,0,0,12.66976378,189.3072705,188.3237656,663562100
4.46,0,0.997946969,0.997946969,0.997946969,0.997946969,0.997946969,0,0,0,0,12.65099478,189.2740212,188.2896197,665053300
4.47,0,0.997342693,0.997342693,0.997342693,0.997342693,0.997342693,0,0,0,0,12.63227256,189.2407195,188.2554232,666544400
4.48,0,0.996738694,0.996738694,0.996738694,0.996738694,0.996738694,0,0,0,0,12.61359599,189.2072862,188.2210983,668035600
4.49,0,0.996135159,0.996135159,0.996135159,0.996135159,0.996135159,0,0,0,0,12.59496312,189.1737135,188.1866372,669526700
4.5,0,0.995531882,0.995531882,0.995531882,0.995531882,0.995531882,0,0,0,0,12.57637887,189.1401009,188.152138,671017900
4.51,0,0.994928957,0.994928957,0.994928957,0.994928957,0.994928957,0,0,0,0,12.5578373,189.1063483,188.1175019,672509100
4.52,0,0.994326491,0.994326491,0.994326491,0.994326491,0.994326491,0,0,0,0,12.53934426,189.0725552,188.0828273,674000200
4.53,0,0.993724277,0.993724277,0.993724277,0.993724277,0.993724277,0,0,0,0,12.52089692,189.0386313,188.048025,675491400
4.54,0,0.993122301,0.993122301,0.993122301,0.993122301,0.993122301,0,0,0,0,12.50249509,189.0045838,188.0131025,676982500
4.55,0,0.992520758,0.992520758,0.992520758,0.992520758,0.992520758,0,0,0,0,12.48413987,188.970486,187.9781315,678473700
4.56,0,0.991919452,0.991919452,0.991919452,0.991919452,0.991919452,0,0,0,0,12.46583119,188.9362688,187.9430443,679964800
4.57,0,0.991318479,0.991318479,0.991318479,0.991318479,0.991318479,0,0,0,0,12.44756602,188.9019939,187.9079012,681456000
4.58,0,0.990717825,0.990717825,0.990717825,0.990717825,0.990717825,0,0,0,0,12.42935136,188.8676136,187.8726562,682947100
4.59,0,0.990117392,0.990117392,0.990117392,0.990117392,0.990117392,0,0,0,0,12.41118217,188.8331866,187.8373664,684438300
4.6,0,0.989517279,0.989517279,0.989517279,0.989517279,0.989517279,0,0,0,0,12.39305851,188.7986333,187.8019535,685929400
4.61,0,0.988917369,0.988917369,0.988917369,0.988917369,0.988917369,0,0,0,0,12.37498029,188.7640366,187.7664991,687420500
4.62,0,0.988317866,0.988317866,0.988317866,0.988317866,0.988317866,0,0,0,0,12.35694943,188.7293263,187.7309345,688911700
4.63,0,0.987718468,0.987718468,0.987718468,0.987718468,0.987718468,0,0,0,0,12.33896598,188.6945,187.6952572,690402900
4.64,0,0.987119478,0.987119478,0.987119478,0.987119478,0.987119478,0,0,0,0,12.32102896,188.6596353,187.6595434,691894000
4.65,0,0.986520662,0.986520662,0.986520662,0.986520662,0.986520662,0,0,0,0,12.30313731,188.6246503,187.6237127,693385200
4.66,0,0.985922046,0.985922046,0.985922046,0.985922046,0.985922046,0,0,0,0,12.28529299,188.5896306,187.5878493,694876300
4.67,0,0.985323714,0.985323714,0.985323714,0.985323714,0.985323714,0,0,0,0,12.26749498,188.5544959,187.5518741,696367500
4.68,0,0.984725663,0.984725663,0.984725663,0.984725663,0.984725663,0,0,0,0,12.24974333,188.5193231,187.5158629,697858600
4.69,0,0.984127685,0.984127685,0.984127685,0.984127685,0.984127685,0,0,0,0,12.23203894,188.4840405,187.4797453,699349800
4.7,0,0.983530089,0.983530089,0.983530089,0.983530089,0.983530089,0,0,0,0,12.21437985,188.4487195,187.4435913,700840900
4.71,0,0.982932648,0.982932648,0.982932648,0.982932648,0.982932648,0,0,0,0,12.19676798,188.4132903,187.4073324,702332100
4.72,0,0.982335279,0.982335279,0.982335279,0.982335279,0.982335279,0,0,0,0,12.17920336,188.377832,187.3710464,703823200
4.73,0,0.981738265,0.981738265,0.981738265,0.981738265,0.981738265,0,0,0,0,12.16168297,188.3422541,187.3346443,705314400
4.74,0,0.981141404,0.981141404,0.981141404,0.981141404,0.981141404,0,0,0,0,12.14421077,188.3066503,187.2982183,706805500
4.75,0,0.980544689,0.980544689,0.980544689,0.980544689,0.980544689,0,0,0,0,12.12678582,188.270942,187.2616912,708296600
4.76,0,0.979948226,0.979948226,0.979948226,0.979948226,0.979948226,0,0,0,0,12.10940488,188.2351948,187.2251272,709787800
4.77,0,0.979351911,0.979351911,0.979351911,0.979351911,0.979351911,0,0,0,0,12.09207318,188.1993519,187.188471,711279000
4.78,0,0.978755719,0.978755719,0.978755719,0.978755719,0.978755719,0,0,0,0,12.07478563,188.1634692,187.1517771,712770200
4.79,0,0.978159776,0.978159776,0.978159776,0.978159776,0.978159776,0,0,0,0,12.05754614,188.1274901,187.1149901,714261200
4.8,0,0.977563846,0.977563846,0.977563846,0.977563846,0.977563846,0,0,0,0,12.04035074,188.0914726,187.0781669,715752400
4.81,0,0.976968254,0.976968254,0.976968254,0.976968254,0.976968254,0,0,0,0,12.02320341,188.0553596,187.0412516,717243600
4.82,0,0.976372678,0.976372678,0.976372678,0.976372678,0.976372678,0,0,0,0,12.00610211,188.0192204,187.0043122,718734700
4.83,0,0.97577722,0.97577722,0.97577722,0.97577722,0.97577722,0,0,0,0,11.98904487,187.9829701,186.9672651,720225900
4.84,0,0.975181968,0.975181968,0.975181968,0.975181968,0.975181968,0,0,0,0,11.9720366,187.9467053,186.9302056,721717100
4.85,0,0.974586727,0.974586727,0.974586727,0.974586727,0.974586727,0,0,0,0,11.95507439,187.910415,186.8931228,723208100
4.86,0,0.97399169,0.97399169,0.97399169,0.97399169,0.97399169,0,0,0,0,11.93815509,187.874013,186.8559317,724699300
4.87,0,0.973396854,0.973396854,0.973396854,0.973396854,0.973396854,0,0,0,0,11.92128378,187.8375189,186.818652,726190500
4.88,0,0.972802015,0.972802015,0.972802015,0.972802015,0.972802015,0,0,0,0,11.90445838,187.8010006,186.7813502,727681700
4.89,0,0.972207258,0.972207258,0.972207258,0.972207258,0.972207258,0,0,0,0,11.88767785,187.7644594,186.7440276,729172700
4.9,0,0.971612687,0.971612687,0.971612687,0.971612687,0.971612687,0,0,0,0,11.87094528,187.7278258,186.7066162,730663900
4.91,0,0.971018107,0.971018107,0.971018107,0.971018107,0.971018107,0,0,0,0,11.85425564,187.6911612,186.6691757,732155100
4.92,0,0.970423696,0.970423696,0.970423696,0.970423696,0.970423696,0,0,0,0,11.83761177,187.6543993,186.6316416,733646200
4.93,0,0.969829267,0.969829267,0.969829267,0.969829267,0.969829267,0,0,0,0,11.82101475,187.6176224,186.5940947,735137300
4.94,0,0.969234996,0.969234996,0.969234996,0.969234996,0.969234996,0,0,0,0,11.80446369,187.5807492,186.5564549,736628500
4.95,0,0.968640808,0.968640808,0.968640808,0.968640808,0.968640808,0,0,0,0,11.78795635,187.5438536,186.5187948,738119700
4.96,0,0.968046558,0.968046558,0.968046558,0.968046558,0.968046558,0,0,0,0,11.77149475,187.5068629,186.4810432,739610800
4.97,0,0.967452482,0.967452482,0.967452482,0.967452482,0.967452482,0,0,0,0,11.75507994,187.4698601,186.4432818,741102000
4.98,0,0.966858444,0.966858444,0.966858444,0.966858444,0.966858444,0,0,0,0,11.73870893,187.4328352,186.4055002,742593200
4.99,0,0.966264361,0.966264361,0.966264361,0.966264361,0.966264361,0,0,0,0,11.72238163,187.3957111,186.367623,744084200
5,0,0.965670416,0.965670416,0.965670416,0.965670416,0.965670416,0,0,0,0,11.70610199,187.3585798,186.3297408,745575400
